time,open,high,low,close,tick_volume,spread,real_volume
2021-01-04,1.22395,1.23098,1.2227999999999999,1.22473,85620,0,0
2021-01-05,1.22466,1.23056,1.22432,1.22965,75380,0,0
2021-01-06,1.22968,1.23494,1.22657,1.23252,118259,0,0
2021-01-07,1.2325599999999999,1.23441,1.22452,1.2271,84749,0,0
2021-01-08,1.22713,1.22845,1.21932,1.22218,100138,0,0
2021-01-11,1.22116,1.22285,1.21323,1.21497,79581,0,0
2021-01-12,1.21498,1.2209699999999999,1.21372,1.22062,70628,0,0
2021-01-13,1.22064,1.22229,1.21399,1.21568,70247,0,0
2021-01-14,1.21568,1.21784,1.21112,1.2154,82002,0,0
2021-01-15,1.21537,1.21625,1.2075,1.20766,71372,0,0
2021-01-18,1.20813,1.20867,1.20536,1.20757,51965,0,0
2021-01-19,1.20768,1.21449,1.20739,1.21284,59302,0,0
2021-01-20,1.21281,1.21582,1.20767,1.21046,63393,0,0
2021-01-21,1.2104300000000001,1.21732,1.21022,1.2164,65018,0,0
2021-01-22,1.21586,1.21894,1.21515,1.21704,57094,0,0
2021-01-25,1.21704,1.21833,1.2116,1.21413,54371,0,0
2021-01-26,1.21371,1.2176,1.21078,1.2159200000000001,51913,0,0
2021-01-27,1.21598,1.21696,1.20586,1.21096,74814,0,0
2021-01-28,1.21086,1.21421,1.20805,1.2121,76561,0,0
2021-01-29,1.21209,1.21558,1.20944,1.21353,75639,0,0
2021-02-01,1.21301,1.21364,1.20562,1.20594,63743,0,0
2021-02-02,1.20594,1.20876,1.20117,1.20428,58989,0,0
2021-02-03,1.20423,1.205,1.20042,1.20351,49377,0,0
2021-02-04,1.20349,1.20428,1.19574,1.1962,51807,0,0
2021-02-05,1.19618,1.20498,1.19522,1.20492,67841,0,0
2021-02-08,1.20426,1.20661,1.20197,1.20493,59895,0,0
2021-02-09,1.20493,1.21221,1.20472,1.21174,64758,0,0
2021-02-10,1.21173,1.2144,1.21088,1.21172,48674,0,0
2021-02-11,1.21172,1.21493,1.21135,1.21303,46803,0,0
2021-02-12,1.21303,1.21349,1.20815,1.21189,55276,1,0
2021-02-15,1.2124,1.21452,1.21167,1.21274,39844,0,0
2021-02-16,1.21271,1.21694,1.20949,1.2105299999999999,63015,1,0
2021-02-17,1.21047,1.21089,1.20234,1.20374,69997,1,0
2021-02-18,1.20351,1.20944,1.2035,1.20908,60510,1,0
2021-02-19,1.20908,1.2144300000000001,1.20823,1.21174,59796,1,0
2021-02-22,1.21131,1.21694,1.20912,1.21554,66651,1,0
2021-02-23,1.21564,1.21802,1.21353,1.21493,64676,1,0
2021-02-24,1.21493,1.21745,1.21092,1.21665,83207,1,0
2021-02-25,1.21637,1.22432,1.2156,1.21743,106775,1,0
2021-02-26,1.2173,1.21828,1.20622,1.20727,129271,1,0
2021-03-01,1.20688,1.21012,1.20278,1.20488,83306,1,0
2021-03-02,1.20488,1.20944,1.19915,1.20893,80054,1,0
2021-03-03,1.20898,1.21132,1.20429,1.20627,71671,0,0
2021-03-04,1.20627,1.20662,1.19616,1.1969400000000001,93524,1,0
2021-03-05,1.1968,1.19767,1.1892800000000001,1.1912,96968,1,0
2021-03-08,1.19166,1.19321,1.18442,1.1846,100880,1,0
2021-03-09,1.18456,1.19157,1.18356,1.19001,94052,1,0
2021-03-10,1.19002,1.19298,1.18687,1.19284,87767,1,0
2021-03-11,1.19283,1.199,1.19158,1.19851,86008,1,0
2021-03-12,1.1985000000000001,1.19886,1.19098,1.19519,83666,1,0
2021-03-15,1.19473,1.19674,1.1911100000000001,1.19271,67450,1,0
2021-03-16,1.19271,1.19517,1.18823,1.19009,67321,1,0
2021-03-17,1.19009,1.19853,1.18863,1.19802,71533,1,0
2021-03-18,1.19802,1.1989,1.19062,1.19135,85787,1,0
2021-03-19,1.19134,1.19372,1.18738,1.19044,73391,1,0
2021-03-22,1.18828,1.19467,1.18744,1.19332,61205,1,0
2021-03-23,1.19337,1.19407,1.18423,1.1848,64329,1,0
2021-03-24,1.1847699999999999,1.18516,1.18097,1.18123,64871,1,0
2021-03-25,1.18122,1.18277,1.17619,1.17677,72966,1,0
2021-03-26,1.17683,1.18049,1.17677,1.17933,53288,1,0
2021-03-29,1.17886,1.17937,1.17608,1.17642,59703,1,0
2021-03-30,1.1764000000000001,1.17736,1.17114,1.17169,56334,1,0
2021-03-31,1.1717,1.17598,1.17041,1.17298,60218,1,0
2021-04-01,1.17298,1.17799,1.17124,1.17759,54081,1,0
2021-04-02,1.1776,1.17864,1.17488,1.17608,25975,0,0
2021-04-05,1.17543,1.1819600000000001,1.17382,1.18125,35619,1,0
2021-04-06,1.18125,1.18776,1.17951,1.1874,54221,1,0
2021-04-07,1.1873,1.19147,1.18609,1.18668,64421,1,0
2021-04-08,1.18666,1.19273,1.18605,1.19124,52471,0,0
2021-04-09,1.1912099999999999,1.19202,1.18672,1.1901,53194,1,0
2021-04-12,1.18881,1.1919,1.18712,1.19099,53836,1,0
2021-04-13,1.19093,1.1956,1.18775,1.19474,64190,1,0
2021-04-14,1.19478,1.19874,1.19459,1.19784,46298,1,0
2021-04-15,1.19781,1.19933,1.19561,1.19655,44581,1,0
2021-04-16,1.19654,1.19949,1.19504,1.19809,39119,1,0
2021-04-19,1.19716,1.20481,1.1942599999999999,1.20367,47784,1,0
2021-04-20,1.20364,1.20798,1.20224,1.20343,47965,1,0
2021-04-21,1.20343,1.20436,1.19984,1.20343,40554,0,0
2021-04-22,1.20345,1.2069,1.19937,1.2014,50069,0,0
2021-04-23,1.20139,1.21,1.20129,1.20973,41892,0,0
2021-04-26,1.20922,1.2117,1.20613,1.20841,42446,0,0
2021-04-27,1.20854,1.20928,1.20568,1.20892,38426,0,0
2021-04-28,1.20896,1.2134800000000001,1.20563,1.2125,50256,0,0
2021-04-29,1.21249,1.21502,1.21021,1.21187,46298,0,0
2021-04-30,1.2119,1.21266,1.20166,1.20208,46828,0,0
2021-05-03,1.20301,1.20759,1.20129,1.20629,37322,0,0
2021-05-04,1.2063,1.20641,1.19992,1.20121,50615,0,0
2021-05-05,1.20118,1.20268,1.1985999999999999,1.20036,40778,0,0
2021-05-06,1.20036,1.20716,1.19931,1.20646,44831,0,0
2021-05-07,1.20647,1.21713,1.2053,1.21618,58468,0,0
2021-05-10,1.216,1.21783,1.21278,1.21282,51513,0,0
2021-05-11,1.2128,1.21817,1.2123,1.2147000000000001,57217,0,0
2021-05-12,1.21472,1.21521,1.20656,1.20705,69534,0,0
2021-05-13,1.20724,1.21061,1.20515,1.20791,65958,0,0
2021-05-14,1.20787,1.21476,1.20708,1.21441,49976,0,0
2021-05-17,1.21323,1.2168700000000001,1.2126000000000001,1.21511,46428,0,0
2021-05-18,1.21513,1.22339,1.2147999999999999,1.2221899999999999,49583,0,0
2021-05-19,1.2221899999999999,1.22452,1.21599,1.21744,75108,0,0
2021-05-20,1.21744,1.2229,1.2169,1.22269,55450,0,0
2021-05-21,1.2227000000000001,1.22398,1.2161,1.21806,58463,0,0
2021-05-24,1.21776,1.223,1.21722,1.2215,57085,0,0
2021-05-25,1.22146,1.22664,1.22117,1.22497,61602,0,0
2021-05-26,1.22491,1.2263,1.2182,1.21922,58587,0,0
2021-05-27,1.21906,1.22151,1.21751,1.21934,59404,0,0
2021-05-28,1.21932,1.2205,1.21327,1.21896,60110,0,0
2021-05-31,1.21993,1.22314,1.21833,1.2225,36694,0,0
2021-06-01,1.22254,1.22543,1.22118,1.22126,52448,0,0
2021-06-02,1.22125,1.22265,1.21643,1.221,53793,0,0
2021-06-03,1.2209699999999999,1.22143,1.21183,1.21265,59299,0,0
2021-06-04,1.21261,1.21856,1.21041,1.21662,56073,0,0
2021-06-07,1.21595,1.22018,1.21448,1.21893,40542,0,0
2021-06-08,1.21891,1.21942,1.21643,1.21726,48682,0,0
2021-06-09,1.21722,1.22179,1.21709,1.21787,42992,0,0
2021-06-10,1.21787,1.2195,1.21432,1.21751,66547,0,0
2021-06-11,1.21751,1.2193100000000001,1.20927,1.21063,54807,0,0
2021-06-14,1.21025,1.21303,1.20942,1.212,46944,0,0
2021-06-15,1.2119,1.21473,1.21014,1.21264,50679,0,0
2021-06-16,1.21256,1.2134800000000001,1.1994,1.19943,66416,0,0
2021-06-17,1.19939,1.20064,1.18918,1.19069,90570,0,0
2021-06-18,1.19056,1.19251,1.18537,1.18597,81407,0,0
2021-06-21,1.1855,1.19212,1.1847699999999999,1.19185,87967,0,0
2021-06-22,1.19166,1.19525,1.18809,1.19413,68415,0,0
2021-06-23,1.19376,1.19703,1.19116,1.19258,66823,0,0
2021-06-24,1.19254,1.19563,1.19175,1.19315,65027,0,0
2021-06-25,1.19315,1.19752,1.19265,1.1937,59055,0,0
2021-06-28,1.19316,1.19445,1.19025,1.19242,60674,0,0
2021-06-29,1.1923,1.19298,1.18777,1.1896,61593,0,0
2021-06-30,1.18954,1.1909,1.18452,1.1856,70561,0,0
2021-07-01,1.18559,1.18842,1.18374,1.18497,70316,0,0
2021-07-02,1.18491,1.18743,1.18071,1.18646,71827,0,0
2021-07-05,1.18576,1.18805,1.18515,1.18634,47260,0,0
2021-07-06,1.18619,1.1895,1.18067,1.18231,79642,0,0
2021-07-07,1.18235,1.18362,1.17817,1.17903,75932,0,0
2021-07-08,1.17899,1.18679,1.17836,1.18449,90999,0,0
2021-07-09,1.1844000000000001,1.18811,1.18251,1.18774,73949,0,0
2021-07-12,1.18715,1.18802,1.18361,1.18606,56598,0,0
2021-07-13,1.18593,1.18752,1.17724,1.17765,69168,0,0
2021-07-14,1.17761,1.18388,1.17719,1.18358,70801,0,0
2021-07-15,1.18349,1.18506,1.17962,1.18118,74081,0,0
2021-07-16,1.18118,1.18224,1.17921,1.18055,70772,0,0
2021-07-19,1.18054,1.18243,1.1764000000000001,1.17987,80957,0,0
2021-07-20,1.1798,1.18025,1.17558,1.17805,70566,0,0
2021-07-21,1.1779600000000001,1.18047,1.17519,1.17946,56519,0,0
2021-07-22,1.17907,1.18303,1.17575,1.17707,64812,0,0
2021-07-23,1.17705,1.17865,1.17544,1.17689,49090,0,0
2021-07-26,1.17677,1.18173,1.17635,1.18029,53860,0,0
2021-07-27,1.1803,1.18411,1.1770100000000001,1.18165,64421,0,0
2021-07-28,1.18159,1.18494,1.17721,1.18441,64207,0,0
2021-07-29,1.18431,1.18927,1.18402,1.18865,49044,0,0
2021-07-30,1.18858,1.19087,1.18517,1.1873,54242,0,0
2021-08-02,1.18641,1.18969,1.1859,1.18688,47011,0,0
2021-08-03,1.1867,1.18933,1.18537,1.18637,49688,0,0
2021-08-04,1.18631,1.18997,1.1832799999999999,1.18367,48391,0,0
2021-08-05,1.1836,1.1857199999999999,1.18282,1.18327,47001,0,0
2021-08-06,1.18324,1.18357,1.17544,1.17611,47467,0,0
2021-08-09,1.17568,1.1769,1.17349,1.17362,47081,0,0
2021-08-10,1.17358,1.17429,1.17098,1.17203,41851,0,0
2021-08-11,1.17184,1.1754,1.17061,1.17388,45441,0,0
2021-08-12,1.1738,1.17482,1.17237,1.17296,36888,0,0
2021-08-13,1.1729,1.18048,1.17281,1.17962,35375,0,0
2021-08-16,1.17941,1.18007,1.17675,1.17768,37488,0,0
2021-08-17,1.1776200000000001,1.17845,1.17081,1.17081,50070,0,0
2021-08-18,1.17088,1.17425,1.16937,1.17108,48811,0,0
2021-08-19,1.17087,1.17176,1.16657,1.16756,59625,0,0
2021-08-20,1.1675200000000001,1.17045,1.1663999999999999,1.16996,42854,0,0
2021-08-23,1.16897,1.17503,1.16897,1.1745700000000001,42138,0,0
2021-08-24,1.17449,1.1764999999999999,1.17273,1.17555,40186,0,0
2021-08-25,1.17537,1.17743,1.1726,1.17716,45250,0,0
2021-08-26,1.17706,1.1779,1.17459,1.17515,49613,0,0
2021-08-27,1.17514,1.18026,1.17349,1.1795499999999999,54550,0,0
2021-08-30,1.17926,1.18099,1.17829,1.17962,36224,0,0
2021-08-31,1.17961,1.1844999999999999,1.17939,1.18083,56492,0,0
2021-09-01,1.18078,1.1857199999999999,1.17936,1.18384,50142,0,0
2021-09-02,1.18374,1.18759,1.18344,1.18744,42004,0,0
2021-09-03,1.18739,1.19091,1.1865700000000001,1.18772,53226,0,0
2021-09-06,1.18768,1.18862,1.18557,1.18701,29883,0,0
2021-09-07,1.18675,1.18852,1.18373,1.18402,54549,0,0
2021-09-08,1.18356,1.18512,1.18022,1.1815,64756,0,0
2021-09-09,1.18125,1.18413,1.18053,1.18244,68564,0,0
2021-09-10,1.18229,1.1851,1.18091,1.18107,52650,0,0
2021-09-13,1.18143,1.18171,1.17702,1.18103,51815,0,0
2021-09-14,1.18092,1.1846,1.18001,1.18025,58490,0,0
2021-09-15,1.1801300000000001,1.18319,1.17991,1.18165,58073,0,0
2021-09-16,1.18153,1.1820599999999999,1.17506,1.17652,58283,0,0
2021-09-17,1.17675,1.17888,1.17242,1.1724999999999999,56213,0,0
2021-09-20,1.17272,1.17363,1.17004,1.17257,58444,0,0
2021-09-21,1.17248,1.17486,1.17149,1.17252,58514,0,0
2021-09-22,1.1724,1.17555,1.16843,1.16866,72571,0,0
2021-09-23,1.1686,1.1750099999999999,1.16835,1.17381,68536,0,0
2021-09-24,1.17379,1.17476,1.17007,1.17206,51401,0,0
2021-09-27,1.17255,1.17255,1.16848,1.16952,57807,0,0
2021-09-28,1.1694,1.17032,1.16682,1.16826,64793,0,0
2021-09-29,1.16825,1.16901,1.15894,1.1596899999999999,68964,0,0
2021-09-30,1.15963,1.16097,1.15626,1.15769,68517,0,0
2021-10-01,1.1574,1.16075,1.1562999999999999,1.15927,66777,0,0
2021-10-04,1.15922,1.164,1.15876,1.16193,54990,0,0
2021-10-05,1.16184,1.16216,1.15806,1.15972,50533,0,0
2021-10-06,1.1595900000000001,1.16019,1.15292,1.15556,63394,0,0
2021-10-07,1.15538,1.15723,1.1547399999999999,1.15527,50611,0,0
2021-10-08,1.15526,1.15861,1.15414,1.15736,59970,0,0
2021-10-11,1.15659,1.15867,1.15487,1.15517,46485,0,0
2021-10-12,1.15522,1.15702,1.15242,1.15295,57798,0,0
2021-10-13,1.15294,1.15973,1.1525,1.1594,67602,0,0
2021-10-14,1.15903,1.16245,1.15838,1.1595900000000001,56588,0,0
2021-10-15,1.15947,1.16186,1.1588,1.15981,61186,0,0
2021-10-18,1.15976,1.16224,1.15717,1.16097,63554,0,0
2021-10-19,1.16088,1.16692,1.16074,1.1632500000000001,60549,0,0
2021-10-20,1.16304,1.16586,1.1617,1.16505,61774,0,0
2021-10-21,1.16478,1.16675,1.16192,1.1623999999999999,65189,0,0
2021-10-22,1.16197,1.16554,1.16194,1.16437,65172,0,0
2021-10-25,1.1638,1.1665,1.15907,1.1608100000000001,59725,0,0
2021-10-26,1.16076,1.16257,1.1585,1.15957,54975,0,0
2021-10-27,1.15955,1.16257,1.15848,1.16026,66553,0,0
2021-10-28,1.16023,1.1692,1.15824,1.16801,82814,0,0
2021-10-29,1.16781,1.16901,1.15353,1.1562000000000001,82169,0,0
2021-11-01,1.15626,1.1609,1.1546,1.16041,51339,0,0
2021-11-02,1.16028,1.16132,1.15747,1.1578,56326,0,0
2021-11-03,1.1577,1.16161,1.15621,1.16131,69529,0,0
2021-11-04,1.1611,1.16162,1.15284,1.15539,65259,0,0
2021-11-05,1.15537,1.1573,1.15134,1.15665,68123,0,0
2021-11-08,1.15597,1.1595,1.15503,1.1586400000000001,54555,0,0
2021-11-09,1.1584,1.16086,1.15697,1.15929,67294,0,0
2021-11-10,1.1590799999999999,1.15953,1.14756,1.14783,85955,0,0
2021-11-11,1.14774,1.14876,1.14429,1.14495,53727,0,0
2021-11-12,1.14484,1.14623,1.14328,1.1442700000000001,57609,0,0
2021-11-15,1.14456,1.14641,1.13562,1.13672,64282,0,0
2021-11-16,1.13666,1.13855,1.1308799999999999,1.13194,75709,0,0
2021-11-17,1.13184,1.13324,1.12632,1.13187,76999,0,0
2021-11-18,1.13177,1.13741,1.13138,1.13704,69758,0,0
2021-11-19,1.13686,1.13724,1.12498,1.12829,90206,0,0
2021-11-22,1.12884,1.12901,1.12307,1.12364,81667,0,0
2021-11-23,1.12362,1.1275,1.1226,1.12474,81541,0,0
2021-11-24,1.12461,1.12554,1.1186099999999999,1.11982,86483,0,0
2021-11-25,1.1196,1.12299,1.11954,1.12083,48236,0,0
2021-11-26,1.1206,1.13303,1.12044,1.13215,113571,0,0
2021-11-29,1.13002,1.13112,1.12584,1.12902,75004,0,0
2021-11-30,1.12883,1.1383,1.12354,1.1338,108745,0,0
2021-12-01,1.1335,1.13597,1.13025,1.13193,89859,0,0
2021-12-02,1.1317599999999999,1.1347800000000001,1.12952,1.13006,75866,0,0
2021-12-03,1.12996,1.13335,1.12666,1.13083,86551,0,0
2021-12-06,1.12995,1.13104,1.12665,1.12847,57613,0,0
2021-12-07,1.12821,1.1298300000000001,1.12274,1.12671,59940,0,0
2021-12-08,1.12658,1.1354899999999999,1.12633,1.1341700000000001,71543,0,0
2021-12-09,1.13418,1.13449,1.12784,1.12924,61604,0,0
2021-12-10,1.12919,1.13243,1.12649,1.13162,59302,0,0
2021-12-13,1.13077,1.1319,1.12599,1.12842,54396,0,0
2021-12-14,1.12807,1.1323699999999999,1.12537,1.12583,54577,0,0
2021-12-15,1.12575,1.12992,1.1221700000000001,1.12919,71257,0,0
2021-12-16,1.1290499999999999,1.13602,1.12811,1.13296,72728,0,0
2021-12-17,1.13296,1.13489,1.12344,1.12372,63293,0,0
2021-12-20,1.12356,1.1304,1.12341,1.12769,60766,0,0
2021-12-21,1.12743,1.1302699999999999,1.12609,1.12822,54441,0,0
2021-12-22,1.1282,1.13423,1.12642,1.13258,52866,0,0
2021-12-23,1.13246,1.13422,1.12902,1.13263,49430,0,0
2021-12-24,1.1326,1.13435,1.1304400000000001,1.13197,53499,0,0
2021-12-27,1.13023,1.13342,1.13023,1.13264,37691,0,0
2021-12-28,1.1326,1.1333,1.12894,1.13079,40037,0,0
2021-12-29,1.13079,1.13687,1.12732,1.13477,51231,0,0
2021-12-30,1.13445,1.13599,1.12988,1.13256,50314,0,0
2021-12-31,1.13244,1.13861,1.13033,1.13755,39263,0,0
2022-01-03,1.13693,1.13778,1.12795,1.12971,53813,0,0
2022-01-04,1.12961,1.13226,1.12723,1.12862,62525,0,0
2022-01-05,1.12852,1.13466,1.12765,1.13135,61289,0,0
2022-01-06,1.13111,1.13316,1.12846,1.12976,67251,0,0
2022-01-07,1.1296,1.13647,1.12901,1.1359,49836,0,0
2022-01-10,1.1355,1.13599,1.12853,1.13252,53457,0,0
2022-01-11,1.1323,1.13753,1.13131,1.13666,49386,0,0
2022-01-12,1.13655,1.14528,1.13545,1.14411,51872,0,0
2022-01-13,1.14402,1.14817,1.14357,1.14539,53078,0,0
2022-01-14,1.14531,1.14829,1.13987,1.14151,59882,0,0
2022-01-17,1.14117,1.1434199999999999,1.1391499999999999,1.14062,34611,0,0
2022-01-18,1.14062,1.14216,1.13147,1.13258,68363,0,0
2022-01-19,1.13249,1.13569,1.13163,1.1342,58174,0,0
2022-01-20,1.1339299999999999,1.13689,1.13031,1.13108,59448,0,0
2022-01-21,1.13092,1.13597,1.1301,1.13421,60447,0,0
2022-01-24,1.13371,1.13447,1.12906,1.13254,70762,0,0
2022-01-25,1.13226,1.1328,1.12632,1.13006,63243,0,0
2022-01-26,1.12991,1.13108,1.12354,1.12405,75069,0,0
2022-01-27,1.12404,1.12431,1.11313,1.11444,83832,0,0
2022-01-28,1.11428,1.11737,1.11214,1.11469,78407,0,0
2022-01-31,1.11406,1.12477,1.11378,1.12333,74328,0,0
2022-02-01,1.12315,1.12786,1.12208,1.12718,72903,0,0
2022-02-02,1.12715,1.13301,1.12667,1.13035,61143,0,0
2022-02-03,1.13018,1.14513,1.12665,1.14392,97250,0,0
2022-02-04,1.14389,1.14836,1.14116,1.14514,96664,0,0
2022-02-07,1.14573,1.14614,1.14151,1.14419,76500,0,0
2022-02-08,1.14411,1.14486,1.13958,1.14163,67506,0,0
2022-02-09,1.14127,1.14479,1.14025,1.14233,59971,0,0
2022-02-10,1.1421000000000001,1.1495,1.13748,1.14275,98683,0,0
2022-02-11,1.14263,1.14291,1.13297,1.13477,110096,0,0
2022-02-14,1.13376,1.1368800000000001,1.1280000000000001,1.13058,108728,0,0
2022-02-15,1.13032,1.13683,1.1299,1.13582,87080,0,0
2022-02-16,1.13568,1.13955,1.13448,1.1372200000000001,77435,0,0
2022-02-17,1.13713,1.13857,1.13229,1.13608,98839,0,0
2022-02-18,1.1358,1.13769,1.1313900000000001,1.13227,76510,0,0
2022-02-21,1.13145,1.13907,1.13064,1.13093,55985,0,0
2022-02-22,1.1307,1.1367,1.12878,1.13241,102907,0,0
2022-02-23,1.13246,1.13588,1.13012,1.13051,64439,0,0
2022-02-24,1.13023,1.13086,1.11063,1.11919,171175,0,0
2022-02-25,1.11908,1.12735,1.11659,1.12716,113512,0,0
2022-02-28,1.11295,1.12464,1.11245,1.12178,138468,0,0
2022-03-01,1.12177,1.12331,1.10897,1.11229,114181,0,0
2022-03-02,1.11248,1.1143399999999999,1.10574,1.11184,129648,0,0
2022-03-03,1.1116,1.11205,1.10332,1.10659,99725,0,0
2022-03-04,1.10651,1.10679,1.08852,1.09305,129366,0,0
2022-03-07,1.09255,1.09324,1.0806,1.08533,166436,0,0
2022-03-08,1.08511,1.09583,1.08471,1.0901399999999999,158841,0,0
2022-03-09,1.0896,1.10961,1.08896,1.1075,116644,0,0
2022-03-10,1.1072899999999999,1.11213,1.09758,1.09859,125689,0,0
2022-03-11,1.09845,1.10434,1.09021,1.09137,113278,0,0
2022-03-14,1.09155,1.09938,1.09004,1.09447,103181,0,0
2022-03-15,1.09416,1.102,1.0926,1.09489,112133,0,0
2022-03-16,1.09491,1.1047,1.09491,1.1031,128099,0,0
2022-03-17,1.10305,1.11376,1.10071,1.10901,85724,0,0
2022-03-18,1.1089,1.11186,1.10031,1.10503,91467,0,0
2022-03-21,1.10504,1.10702,1.10102,1.10188,69638,0,0
2022-03-22,1.10176,1.10458,1.0961,1.10294,85754,0,0
2022-03-23,1.10279,1.10427,1.09641,1.10066,77335,0,0
2022-03-24,1.10052,1.10135,1.0965799999999999,1.09982,83700,0,0
2022-03-25,1.09959,1.1038000000000001,1.09809,1.09854,82996,0,0
2022-03-28,1.09842,1.09997,1.09447,1.09859,104188,0,0
2022-03-29,1.09834,1.11371,1.0969,1.10858,126457,0,0
2022-03-30,1.1085099999999999,1.1171,1.10792,1.11575,109745,0,0
2022-03-31,1.11579,1.11848,1.10613,1.10665,110897,0,0
2022-04-01,1.10656,1.10757,1.10283,1.10447,85774,0,0
2022-04-04,1.10336,1.10543,1.09608,1.09715,69321,0,0
2022-04-05,1.09688,1.09886,1.09,1.09041,74904,0,0
2022-04-06,1.09029,1.09381,1.08741,1.08956,97599,0,0
2022-04-07,1.08956,1.09382,1.08649,1.08777,88265,0,0
2022-04-08,1.08764,1.08921,1.08364,1.08747,77188,0,0
2022-04-11,1.09159,1.09333,1.08729,1.08829,77468,0,0
2022-04-12,1.08825,1.09035,1.08216,1.08269,98342,0,0
2022-04-13,1.08256,1.08942,1.0809,1.08902,83973,0,0
2022-04-14,1.08897,1.09233,1.07576,1.08286,100620,0,0
2022-04-15,1.08278,1.08303,1.07961,1.08113,56635,0,0
2022-04-18,1.07994,1.08213,1.07702,1.0781,52965,0,0
2022-04-19,1.07805,1.08141,1.07612,1.07877,81502,0,0
2022-04-20,1.07876,1.08667,1.07827,1.08539,88292,0,0
2022-04-21,1.08496,1.09364,1.08239,1.08336,99031,0,0
2022-04-22,1.08368,1.08519,1.07707,1.08009,94056,0,0
2022-04-25,1.08071,1.08145,1.06965,1.07125,122270,0,0
2022-04-26,1.07106,1.07388,1.06353,1.06372,95470,0,0
2022-04-27,1.06363,1.06547,1.05144,1.05573,117332,0,0
2022-04-28,1.05571,1.05646,1.04709,1.04983,134090,0,0
2022-04-29,1.04976,1.05927,1.04906,1.0546,111385,0,0
2022-05-02,1.05421,1.05681,1.04902,1.05072,91871,0,0
2022-05-03,1.0507,1.05775,1.04922,1.05202,89550,0,0
2022-05-04,1.05186,1.0630600000000001,1.0506,1.06219,109807,0,0
2022-05-05,1.06196,1.06419,1.04928,1.0541,130526,0,0
2022-05-06,1.05413,1.05987,1.04828,1.05439,146857,0,0
2022-05-09,1.05387,1.05925,1.04954,1.0557,123650,0,0
2022-05-10,1.0557,1.05851,1.05257,1.05281,127047,0,0
2022-05-11,1.05281,1.0577,1.05017,1.05092,134397,0,0
2022-05-12,1.05092,1.05291,1.0354,1.03779,139403,0,0
2022-05-13,1.03779,1.04196,1.03494,1.04077,97846,0,0
2022-05-16,1.03959,1.0443,1.03887,1.04311,81470,0,0
2022-05-17,1.0431,1.0556,1.04276,1.05465,95987,0,0
2022-05-18,1.05465,1.05639,1.04599,1.04609,87927,0,0
2022-05-19,1.04609,1.06073,1.0459,1.05854,115331,0,0
2022-05-20,1.05816,1.0599,1.05328,1.05582,93700,0,0
2022-05-23,1.05601,1.06975,1.05561,1.06881,89168,0,0
2022-05-24,1.06878,1.07489,1.0661100000000001,1.07333,96527,0,0
2022-05-25,1.07329,1.07382,1.06418,1.0679,96798,0,0
2022-05-26,1.06775,1.0731,1.06627,1.07239,84272,0,0
2022-05-27,1.07239,1.07651,1.06974,1.07309,76770,0,0
2022-05-30,1.07326,1.07869,1.07243,1.0778,55023,0,0
2022-05-31,1.07756,1.07788,1.06791,1.07326,105538,0,0
2022-06-01,1.0732,1.0739,1.06272,1.06484,91956,0,0
2022-06-02,1.06453,1.0749900000000001,1.06405,1.07463,73854,0,0
2022-06-03,1.07443,1.07638,1.07039,1.07165,72795,0,0
2022-06-06,1.07146,1.07516,1.06841,1.06955,60295,0,0
2022-06-07,1.0695000000000001,1.0714299999999999,1.06523,1.07049,88256,0,0
2022-06-08,1.07036,1.07485,1.06715,1.07157,81423,0,0
2022-06-09,1.07154,1.07739,1.06107,1.06159,108517,0,0
2022-06-10,1.06142,1.06424,1.0506,1.05207,109524,0,0
2022-06-13,1.05137,1.05195,1.03996,1.04076,125903,0,0
2022-06-14,1.04078,1.04848,1.03969,1.04151,137053,0,0
2022-06-15,1.0414,1.05076,1.0359099999999999,1.0443,173126,0,0
2022-06-16,1.04412,1.06009,1.03811,1.05483,177338,0,0
2022-06-17,1.05454,1.05602,1.04447,1.04962,150391,0,0
2022-06-20,1.04747,1.05457,1.04727,1.05104,82940,0,0
2022-06-21,1.05104,1.05824,1.05053,1.05318,98780,0,0
2022-06-22,1.05299,1.06054,1.04691,1.05678,117792,0,0
2022-06-23,1.05631,1.05812,1.04827,1.05215,147534,0,0
2022-06-24,1.05225,1.05711,1.05119,1.05534,103535,0,0
2022-06-27,1.05456,1.06149,1.05456,1.05829,109352,0,0
2022-06-28,1.05817,1.06058,1.05033,1.0518,121778,0,0
2022-06-29,1.0517,1.05353,1.04352,1.04411,128083,0,0
2022-06-30,1.04394,1.04891,1.03823,1.04827,134494,0,0
2022-07-01,1.04826,1.04854,1.03657,1.04261,138542,0,0
2022-07-04,1.04146,1.04627,1.04146,1.04221,82163,0,0
2022-07-05,1.04198,1.04488,1.02349,1.02656,140314,0,0
2022-07-06,1.02641,1.02769,1.01618,1.0181,157888,0,0
2022-07-07,1.01797,1.02213,1.01441,1.01587,126061,0,0
2022-07-08,1.01564,1.01912,1.00717,1.01831,131701,0,0
2022-07-11,1.01696,1.01831,1.00337,1.00396,119721,0,0
2022-07-12,1.00396,1.00739,0.99996,1.00365,139938,0,0
2022-07-13,1.00346,1.01222,0.99977,1.00574,150092,0,0
2022-07-14,1.00551,1.00598,0.99522,1.00178,165084,0,0
2022-07-15,1.00154,1.00981,1.0007,1.00854,121685,0,0
2022-07-18,1.00816,1.02014,1.00734,1.01418,117254,0,0
2022-07-19,1.01408,1.02694,1.01193,1.02247,135544,0,0
2022-07-20,1.02245,1.02729,1.01552,1.01803,124235,0,0
2022-07-21,1.01766,1.02783,1.01535,1.023,156314,0,0
2022-07-22,1.02282,1.02553,1.01299,1.02109,147879,0,0
2022-07-25,1.02116,1.0258,1.01785,1.02188,125820,0,0
2022-07-26,1.02185,1.02502,1.01077,1.01155,114344,0,0
2022-07-27,1.01134,1.0221,1.00964,1.01975,124371,0,0
2022-07-28,1.02003,1.02344,1.01142,1.01963,141998,0,0
2022-07-29,1.01956,1.02542,1.01461,1.02258,131205,0,0
2022-08-01,1.02075,1.02752,1.02052,1.02617,121566,0,0
2022-08-02,1.02603,1.02936,1.0163,1.01655,149083,0,0
2022-08-03,1.01653,1.02104,1.01229,1.01661,130497,0,0
2022-08-04,1.01672,1.02539,1.01539,1.02447,119698,0,0
2022-08-05,1.02437,1.02518,1.01416,1.01776,109082,0,0
2022-08-08,1.01711,1.02219,1.01594,1.01943,93730,0,0
2022-08-09,1.01945,1.02475,1.01884,1.02126,78664,0,0
2022-08-10,1.02122,1.03688,1.02021,1.02988,116880,0,0
2022-08-11,1.02983,1.03645,1.02757,1.03194,126227,0,0
2022-08-12,1.03174,1.03273,1.02385,1.0256,98414,0,0
2022-08-15,1.02545,1.02684,1.01544,1.01596,91347,0,0
2022-08-16,1.01579,1.01949,1.01224,1.01702,99378,0,0
2022-08-17,1.01698,1.02031,1.01457,1.01807,118800,0,0
2022-08-18,1.01776,1.0193,1.00792,1.00875,103690,0,0
2022-08-19,1.00866,1.00955,1.00321,1.00393,88910,0,0
2022-08-22,1.00348,1.00466,0.99263,0.9943,97175,0,0
2022-08-23,0.99423,1.00179,0.99004,0.99695,119064,0,0
2022-08-24,0.99682,0.9999,0.99101,0.99662,105281,0,0
2022-08-25,0.9964,1.00334,0.99491,0.99743,106438,0,0
2022-08-26,0.99724,1.00901,0.99465,0.99646,121343,0,0
2022-08-29,0.99645,1.00293,0.99143,0.99972,118481,0,0
2022-08-30,0.99927,1.00549,0.9982,1.00137,122280,0,0
2022-08-31,1.00122,1.0079,0.99714,1.00545,124887,0,0
2022-09-01,1.0051,1.00545,0.9911,0.99442,125174,0,0
2022-09-02,0.99442,1.00338,0.99404,0.99571,123370,0,0
2022-09-05,0.99282,0.99443,0.98778,0.9931,91907,0,0
2022-09-06,0.99245,0.99865,0.9864,0.99031,140363,0,0
2022-09-07,0.99031,1.00107,0.98756,1.00057,118654,0,0
2022-09-08,0.99969,1.003,0.99308,0.99983,140456,0,0
2022-09-09,0.99983,1.01134,0.99915,1.00455,110425,0,0
2022-09-12,1.01017,1.01979,1.00597,1.01211,114623,0,0
2022-09-13,1.01207,1.01873,0.99663,0.99686,118597,0,0
2022-09-14,0.99674,1.00236,0.99551,0.99814,132052,0,0
2022-09-15,0.99781,1.00181,0.99556,0.99966,89766,0,0
2022-09-16,0.99975,1.00367,0.99444,1.00129,102107,0,0
2022-09-19,1.00043,1.00291,0.99659,1.0024,78601,0,0
2022-09-20,1.00197,1.00506,0.99549,0.99711,100195,0,0
2022-09-21,0.99697,0.99753,0.98127,0.98372,125311,0,0
2022-09-22,0.98362,0.99074,0.98075,0.98395,153924,0,0
2022-09-23,0.98283,0.9852,0.96678,0.9688,127176,0,0
2022-09-26,0.96714,0.9709,0.95524,0.96087,197260,0,0
2022-09-27,0.96084,0.96711,0.95691,0.95924,153881,0,0
2022-09-28,0.95923,0.97509,0.95357,0.97347,187873,0,0
2022-09-29,0.97315,0.98151,0.96355,0.98147,172293,0,0
2022-09-30,0.98144,0.98539,0.97348,0.9799,174658,0,0
2022-10-03,0.97747,0.98447,0.97526,0.98246,150501,0,0
2022-10-04,0.98239,0.99996,0.9806,0.99842,144182,0,0
2022-10-05,0.99835,0.99949,0.98345,0.98752,136992,0,0
2022-10-06,0.98747,0.99263,0.97881,0.97911,160911,0,0
2022-10-07,0.97879,0.98168,0.97259,0.97381,137073,0,0
2022-10-10,0.97312,0.97533,0.96819,0.97029,138307,0,0
2022-10-11,0.97005,0.97747,0.96706,0.97075,168526,0,0
2022-10-12,0.9705,0.97343,0.96678,0.97023,158689,0,0
2022-10-13,0.9701,0.98061,0.96314,0.97774,181004,0,0
2022-10-14,0.97717,0.98082,0.9707,0.97234,160630,0,0
2022-10-17,0.97184,0.98522,0.97176,0.98408,145729,0,0
2022-10-18,0.98387,0.98757,0.98127,0.98576,156689,0,0
2022-10-19,0.98545,0.98724,0.97574,0.97722,145621,0,0
2022-10-20,0.97713,0.98456,0.97544,0.97862,160310,0,0
2022-10-21,0.97843,0.98692,0.9705,0.98626,195334,0,0
2022-10-24,0.98619,0.98992,0.9807,0.98737,188722,0,0
2022-10-25,0.98712,0.99769,0.98482,0.99644,144531,0,0
2022-10-26,0.9962,1.00889,0.99433,1.00826,155881,0,0
2022-10-27,1.00746,1.00933,0.99574,0.99634,147016,0,0
2022-10-28,0.99631,0.99981,0.99265,0.99657,134027,0,0
2022-10-31,0.99554,0.99659,0.98711,0.98827,108231,0,0
2022-11-01,0.98827,0.9954,0.98531,0.98748,131555,0,0
2022-11-02,0.98741,0.99761,0.98128,0.98169,133756,0,0
2022-11-03,0.98149,0.98398,0.97302,0.97491,135675,0,0
2022-11-04,0.97492,0.99667,0.97421,0.99594,155495,0,0
2022-11-07,0.99007,1.00341,0.98987,1.00217,138276,0,0
2022-11-08,1.00169,1.00964,0.99717,1.00729,114982,0,0
2022-11-09,1.00715,1.00882,0.99927,1.0012,141815,0,0
2022-11-10,1.00094,1.0222,0.99355,1.02093,167643,0,0
2022-11-11,1.02062,1.03642,1.01629,1.0352999999999999,165035,0,0
2022-11-14,1.03393,1.03588,1.02714,1.0326,150622,0,0
2022-11-15,1.03256,1.04819,1.02801,1.03482,197137,0,0
2022-11-16,1.03466,1.04387,1.03305,1.03941,165765,0,0
2022-11-17,1.03933,1.04067,1.03053,1.03636,136029,0,0
2022-11-18,1.03583,1.0396,1.03134,1.032,119710,0,0
2022-11-21,1.03195,1.03332,1.02228,1.02406,119083,0,0
2022-11-22,1.02384,1.03082,1.02375,1.03035,105456,0,0
2022-11-23,1.03012,1.04052,1.02963,1.03941,122807,0,0
2022-11-24,1.03941,1.04485,1.03819,1.04114,88953,0,0
2022-11-25,1.04067,1.04293,1.03548,1.03939,102115,0,0
2022-11-28,1.03664,1.04969,1.03302,1.03381,134196,0,0
2022-11-29,1.03368,1.03941,1.03199,1.03287,130776,0,0
2022-11-30,1.03276,1.04288,1.02899,1.04055,139665,0,0
2022-12-01,1.0408,1.05335,1.0393,1.05247,147704,0,0
2022-12-02,1.05194,1.05449,1.04281,1.05407,139751,0,0
2022-12-05,1.05306,1.0594999999999999,1.04803,1.04908,116575,0,0
2022-12-06,1.04914,1.05329,1.04593,1.04642,115966,0,0
2022-12-07,1.04641,1.05498,1.04431,1.05036,123100,0,0
2022-12-08,1.05031,1.05651,1.04895,1.05523,105367,0,0
2022-12-09,1.05536,1.05881,1.05043,1.05334,111315,0,0
2022-12-12,1.05276,1.05803,1.05058,1.05378,98661,0,0
2022-12-13,1.05351,1.06734,1.0528,1.06319,139941,0,0
2022-12-14,1.06319,1.06951,1.0619,1.06819,144441,0,0
2022-12-15,1.06811,1.07363,1.05922,1.06259,132918,0,0
2022-12-16,1.06236,1.06631,1.05849,1.05891,111112,0,0
2022-12-19,1.05812,1.0658,1.05756,1.06064,109130,0,0
2022-12-20,1.06031,1.06587,1.05788,1.06218,154901,0,0
2022-12-21,1.06232,1.06451,1.05904,1.0604,103142,0,0
2022-12-22,1.0602800000000001,1.06595,1.05733,1.05971,104107,0,0
2022-12-23,1.05948,1.0633,1.05865,1.06163,100227,0,0
2022-12-26,1.06282,1.06366,1.06141,1.06352,4866,5,0
2022-12-27,1.06356,1.06696,1.06116,1.0639,63342,0,0
2022-12-28,1.06389,1.06744,1.06063,1.06115,84350,0,0
2022-12-29,1.06091,1.06904,1.06055,1.0661,89359,0,0
2022-12-30,1.06607,1.0713300000000001,1.06386,1.06976,112019,0,0
2023-01-02,1.07016,1.07017,1.06499,1.06665,16741,0,0
2023-01-03,1.06642,1.0683,1.05196,1.0547,139201,0,0
2023-01-04,1.05465,1.06354,1.05402,1.0603,140651,0,0
2023-01-05,1.06015,1.06315,1.0515,1.05207,126223,0,0
2023-01-06,1.05205,1.06481,1.04832,1.06427,126014,0,0
2023-01-09,1.06394,1.07607,1.0636,1.07318,115286,0,0
2023-01-10,1.07293,1.07593,1.07121,1.07334,111859,0,0
2023-01-11,1.07329,1.07765,1.07252,1.07556,90213,0,0
2023-01-12,1.07535,1.0867,1.07302,1.08515,141238,0,0
2023-01-13,1.08497,1.08678,1.07805,1.08323,113853,0,0
2023-01-16,1.08295,1.08742,1.08016,1.0821,65771,0,0
2023-01-17,1.08197,1.08694,1.07745,1.07876,114006,0,0
2023-01-18,1.07879,1.08874,1.07661,1.07936,147787,0,0
2023-01-19,1.07903,1.08401,1.07822,1.08294,113010,0,0
2023-01-20,1.08291,1.08591,1.08024,1.08557,89418,0,0
2023-01-23,1.08622,1.09267,1.08464,1.08715,99279,0,0
2023-01-24,1.08705,1.0898,1.08352,1.08879,86692,0,0
2023-01-25,1.08856,1.09236,1.08574,1.09147,89198,0,0
2023-01-26,1.09152,1.09294,1.08506,1.08917,84384,0,0
2023-01-27,1.0890900000000001,1.09003,1.08378,1.08673,79737,0,0
2023-01-30,1.08618,1.09138,1.08393,1.085,84809,0,0
2023-01-31,1.0848,1.0875,1.08017,1.0861399999999999,90834,0,0
2023-02-01,1.08607,1.1001400000000001,1.08523,1.09886,101648,0,0
2023-02-02,1.0987,1.10329,1.08853,1.09099,122316,0,0
2023-02-03,1.09081,1.09402,1.07923,1.07932,116247,0,0
2023-02-06,1.078,1.07989,1.07095,1.07249,99074,0,0
2023-02-07,1.07242,1.07664,1.06692,1.07267,127157,0,0
2023-02-08,1.07233,1.07609,1.07094,1.07129,88155,0,0
2023-02-09,1.07095,1.07908,1.07083,1.07386,90671,0,0
2023-02-10,1.07361,1.07529,1.06664,1.06782,94108,0,0
2023-02-13,1.06803,1.073,1.06555,1.07243,73312,0,0
2023-02-14,1.07188,1.08045,1.07068,1.07352,124125,0,0
2023-02-15,1.0735999999999999,1.07445,1.06606,1.06864,92966,0,0
2023-02-16,1.06862,1.07225,1.06546,1.0671599999999999,105502,0,0
2023-02-17,1.0672,1.06985,1.06128,1.06935,88032,0,0
2023-02-20,1.06848,1.07047,1.06704,1.06853,46733,0,0
2023-02-21,1.06837,1.06983,1.06375,1.06465,86898,0,0
2023-02-22,1.06445,1.0664,1.05992,1.06045,95621,0,0
2023-02-23,1.06036,1.06278,1.05771,1.05971,85675,0,0
2023-02-24,1.05926,1.06143,1.05362,1.05446,105630,0,0
2023-02-27,1.05459,1.06199,1.0533,1.06096,78958,0,0
2023-02-28,1.06084,1.06454,1.05739,1.05741,76441,0,0
2023-03-01,1.05751,1.06916,1.05654,1.06694,94532,0,0
2023-03-02,1.06683,1.06728,1.05765,1.05972,96540,0,0
2023-03-03,1.05966,1.06387,1.05884,1.06328,83347,0,0
2023-03-06,1.06228,1.06945,1.06217,1.0683,76290,0,0
2023-03-07,1.06819,1.06945,1.0546,1.05495,102510,0,0
2023-03-08,1.05485,1.0574,1.05244,1.05442,78974,0,0
2023-03-09,1.05434,1.05913,1.0538,1.05814,65698,0,0
2023-03-10,1.05815,1.07008,1.0574,1.06381,131346,0,0
2023-03-13,1.06934,1.07486,1.06504,1.07286,191578,0,0
2023-03-14,1.07274,1.07496,1.0679,1.07309,139807,0,0
2023-03-15,1.0731,1.07599,1.0516,1.05766,155778,0,0
2023-03-16,1.05757,1.06357,1.05507,1.06115,145541,0,0
2023-03-17,1.06115,1.06854,1.06081,1.06653,99112,0,0
2023-03-20,1.0683,1.07309,1.06313,1.07177,112944,0,0
2023-03-21,1.07177,1.07886,1.07041,1.07667,75277,0,0
2023-03-22,1.07667,1.09125,1.07592,1.08574,94444,0,0
2023-03-23,1.08574,1.09299,1.08242,1.0832,100584,0,0
2023-03-24,1.0832,1.08384,1.07124,1.07601,107212,0,0
2023-03-27,1.07706,1.08001,1.07451,1.07977,73682,0,0
2023-03-28,1.07974,1.08486,1.07934,1.08444,65412,0,0
2023-03-29,1.08454,1.08717,1.08178,1.08444,69762,0,0
2023-03-30,1.08432,1.09263,1.08237,1.0905,70017,0,0
2023-03-31,1.09044,1.09257,1.08363,1.08429,71293,0,0
2023-04-03,1.08398,1.09167,1.07882,1.0903100000000001,78371,0,0
2023-04-04,1.09015,1.09733,1.0883,1.0956,73385,0,0
2023-04-05,1.09547,1.09696,1.08911,1.09056,68562,0,0
2023-04-06,1.09063,1.09377,1.08846,1.09192,55836,0,0
2023-04-07,1.09198,1.0924,1.08757,1.08984,23716,0,0
2023-04-10,1.0895299999999999,1.09173,1.08313,1.08613,45051,0,0
2023-04-11,1.08599,1.09282,1.08458,1.09131,58069,0,0
2023-04-12,1.09122,1.10004,1.0906,1.09914,61907,0,0
2023-04-13,1.09903,1.10678,1.09766,1.10473,58269,0,0
2023-04-14,1.10462,1.10759,1.09724,1.09946,67756,0,0
2023-04-17,1.09886,1.09998,1.09093,1.09287,59290,0,0
2023-04-18,1.09269,1.0983,1.09202,1.09723,55761,0,0
2023-04-19,1.09728,1.0984,1.09174,1.09558,61815,0,0
2023-04-20,1.09545,1.09898,1.09335,1.09698,61734,0,0
2023-04-21,1.09698,1.09938,1.09379,1.09894,57227,0,0
2023-04-24,1.09885,1.10501,1.09659,1.10446,50008,0,0
2023-04-25,1.10457,1.1067,1.09641,1.09746,59695,0,0
2023-04-26,1.0973,1.10956,1.09604,1.10416,73836,0,0
2023-04-27,1.10382,1.10635,1.09922,1.10284,65397,0,0
2023-04-28,1.10281,1.1045,1.09624,1.10163,82558,0,0
2023-05-01,1.10119,1.10357,1.09644,1.09759,50698,0,0
2023-05-02,1.09755,1.1008,1.09422,1.09993,64726,0,0
2023-05-03,1.09983,1.10916,1.09969,1.106,73928,0,0
2023-05-04,1.10606,1.10918,1.09862,1.10138,86213,0,0
2023-05-05,1.10105,1.10479,1.09667,1.10182,60430,0,0
2023-05-08,1.10226,1.10538,1.10001,1.10043,45944,0,0
2023-05-09,1.10033,1.1005,1.09411,1.09604,52387,0,0
2023-05-10,1.09606,1.1007,1.09417,1.0983,64984,0,0
2023-05-11,1.09818,1.09981,1.09002,1.09165,69456,0,0
2023-05-12,1.09149,1.09356,1.08478,1.08498,61242,0,0
2023-05-15,1.0853,1.0890900000000001,1.08454,1.08741,51089,0,0
2023-05-16,1.0873599999999999,1.09047,1.08549,1.08616,59097,0,0
2023-05-17,1.08617,1.0873599999999999,1.08103,1.08381,59646,0,0
2023-05-18,1.08377,1.0848,1.07625,1.07711,56757,0,0
2023-05-19,1.07686,1.08288,1.07599,1.08048,69159,0,0
2023-05-22,1.08045,1.08314,1.07956,1.08131,63834,0,0
2023-05-23,1.0811,1.08205,1.07602,1.07709,68646,0,0
2023-05-24,1.07693,1.08014,1.0748199999999999,1.07505,76729,0,0
2023-05-25,1.07486,1.07566,1.07074,1.07251,71253,0,0
2023-05-26,1.07242,1.07587,1.07018,1.07258,65979,0,0
2023-05-29,1.07178,1.07436,1.07055,1.07093,26812,0,0
2023-05-30,1.0708199999999999,1.07467,1.06726,1.07346,72119,0,0
2023-05-31,1.0733,1.07356,1.06353,1.06885,77074,0,0
2023-06-01,1.06872,1.07686,1.06619,1.07615,66325,0,0
2023-06-02,1.07617,1.07791,1.07052,1.0706,59141,0,0
2023-06-05,1.07071,1.07225,1.06747,1.07125,61925,0,0
2023-06-06,1.07109,1.07329,1.06671,1.06923,50815,0,0
2023-06-07,1.06915,1.07398,1.06683,1.06982,53385,0,0
2023-06-08,1.06975,1.07871,1.06913,1.07814,53287,0,0
2023-06-09,1.07823,1.07851,1.0743,1.07495,48339,0,0
2023-06-12,1.07448,1.07902,1.0733,1.07579,53350,0,0
2023-06-13,1.07567,1.08236,1.07509,1.07925,63916,0,0
2023-06-14,1.07923,1.0864,1.0774,1.08308,62307,0,0
2023-06-15,1.08303,1.09528,1.08039,1.09454,61404,0,0
2023-06-16,1.09425,1.09706,1.09176,1.09406,58638,0,0
2023-06-19,1.09273,1.09463,1.09073,1.09225,39494,0,0
2023-06-20,1.0919699999999999,1.09463,1.08918,1.09178,61768,0,0
2023-06-21,1.09176,1.09908,1.09056,1.09856,64901,0,0
2023-06-22,1.09856,1.10122,1.09486,1.09551,59803,0,0
2023-06-23,1.09551,1.09586,1.08444,1.08898,67374,0,0
2023-06-26,1.09047,1.09202,1.08873,1.09053,58682,0,0
2023-06-27,1.09052,1.09769,1.09018,1.09599,74820,0,0
2023-06-28,1.09603,1.09626,1.08968,1.09124,74325,0,0
2023-06-29,1.09123,1.09415,1.08602,1.08631,86189,0,0
2023-06-30,1.08632,1.0931899999999999,1.08354,1.0909200000000001,71133,0,0
2023-07-03,1.0909,1.0934,1.08702,1.09103,54133,0,0
2023-07-04,1.09102,1.09163,1.08767,1.08784,31628,0,0
2023-07-05,1.0879,1.09079,1.0851,1.08534,54500,0,0
2023-07-06,1.08533,1.09007,1.08336,1.08883,74118,0,0
2023-07-07,1.08853,1.09734,1.08671,1.0968,74702,0,0
2023-07-10,1.0959,1.10015,1.09436,1.10007,48487,0,0
2023-07-11,1.10008,1.1027,1.09769,1.10079,51314,0,0
2023-07-12,1.10074,1.11404,1.09972,1.11292,75485,0,0
2023-07-13,1.1125099999999999,1.12279,1.1125099999999999,1.12252,73456,0,0
2023-07-14,1.12257,1.1245,1.12028,1.12303,63734,0,0
2023-07-17,1.12288,1.12488,1.12033,1.12314,46415,0,0
2023-07-18,1.12314,1.12758,1.12089,1.1228,76344,0,0
2023-07-19,1.12263,1.12402,1.11744,1.11986,69164,0,0
2023-07-20,1.11991,1.1229,1.11185,1.1129,67690,0,0
2023-07-21,1.11291,1.11449,1.1108,1.11246,57028,0,0
2023-07-24,1.11213,1.1147,1.10603,1.10641,67541,0,0
2023-07-25,1.10636,1.10869,1.10206,1.10497,60015,0,0
2023-07-26,1.105,1.11065,1.10378,1.10852,76916,0,0
2023-07-27,1.10856,1.11497,1.09659,1.09765,110742,0,0
2023-07-28,1.09762,1.10477,1.09437,1.10141,106941,0,0
2023-07-31,1.1023,1.10459,1.09932,1.09964,63873,0,0
2023-08-01,1.09966,1.10029,1.09525,1.09842,63981,0,0
2023-08-02,1.09816,1.10187,1.09178,1.09379,77015,0,0
2023-08-03,1.09371,1.09628,1.09124,1.0948,80559,0,0
2023-08-04,1.0949,1.10421,1.09293,1.10055,78356,0,0
2023-08-07,1.10111,1.1016,1.09655,1.10021,52824,0,0
2023-08-08,1.10026,1.10112,1.09292,1.09556,61011,0,0
2023-08-09,1.09556,1.09954,1.09445,1.09734,49227,0,0
2023-08-10,1.09739,1.10653,1.09651,1.09805,92544,0,0
2023-08-11,1.09799,1.10049,1.0943100000000001,1.09451,66144,0,0
2023-08-14,1.0949200000000001,1.09602,1.08744,1.09052,70515,0,0
2023-08-15,1.09028,1.09525,1.08967,1.09043,86676,0,0
2023-08-16,1.09042,1.09346,1.08716,1.08788,69353,0,0
2023-08-17,1.08789,1.09185,1.08561,1.08717,91669,0,0
2023-08-18,1.08716,1.08938,1.08451,1.08696,83896,0,0
2023-08-21,1.08671,1.09137,1.08634,1.08949,75631,0,0
2023-08-22,1.08949,1.09305,1.08329,1.08452,75116,0,0
2023-08-23,1.08448,1.08715,1.08026,1.08627,78253,0,0
2023-08-24,1.08631,1.08767,1.0805,1.08096,60671,0,0
2023-08-25,1.08086,1.0842,1.07656,1.07944,86091,0,0
2023-08-28,1.07958,1.08223,1.07928,1.08182,52427,0,0
2023-08-29,1.08186,1.0892,1.07822,1.08793,80309,0,0
2023-08-30,1.08796,1.09455,1.08551,1.09227,85044,0,0
2023-08-31,1.09228,1.09394,1.08353,1.08427,88395,0,0
2023-09-01,1.08428,1.08818,1.07715,1.07728,103994,0,0
2023-09-04,1.07738,1.08089,1.07712,1.07934,35955,0,0
2023-09-05,1.07961,1.07983,1.07062,1.07209,85366,0,0
2023-09-06,1.0722,1.07489,1.07024,1.07268,83401,0,0
2023-09-07,1.07233,1.07318,1.06861,1.06948,72783,0,0
2023-09-08,1.06965,1.0743800000000001,1.06924,1.06993,69538,0,0
2023-09-11,1.07147,1.07594,1.0698,1.075,65836,0,0
2023-09-12,1.07427,1.07688,1.07055,1.07529,61037,0,0
2023-09-13,1.07538,1.07647,1.07107,1.07283,87189,0,0
2023-09-14,1.07281,1.07522,1.06319,1.0642,100373,0,0
2023-09-15,1.06426,1.06879,1.06314,1.06591,72822,0,0
2023-09-18,1.06587,1.06989,1.06546,1.06907,53916,0,0
2023-09-19,1.06913,1.07181,1.06691,1.0679,57943,0,0
2023-09-20,1.06775,1.0737,1.06501,1.06608,80266,0,0
2023-09-21,1.06597,1.06736,1.06164,1.06604,89987,0,0
2023-09-22,1.0658,1.06718,1.06149,1.0642800000000001,51569,0,0
2023-09-25,1.06498,1.06552,1.05753,1.05919,35702,0,0
2023-09-26,1.05928,1.06091,1.05618,1.05719,38537,0,0
2023-09-27,1.05682,1.0574,1.04881,1.05015,47779,0,0
2023-09-28,1.05009,1.0579,1.04909,1.0564,58724,0,0
2023-09-29,1.05646,1.0617,1.05544,1.05735,57689,0,0
2023-10-02,1.05651,1.05917,1.04768,1.04768,52023,0,0
2023-10-03,1.0477,1.04934,1.0448,1.04655,68335,0,0
2023-10-04,1.04665,1.05323,1.04514,1.05037,57780,0,0
2023-10-05,1.05061,1.05517,1.05002,1.05489,79048,0,0
2023-10-06,1.05399,1.06002,1.04822,1.05852,92710,0,0
2023-10-09,1.05491,1.05744,1.05196,1.05657,78178,0,0
2023-10-10,1.05605,1.06199,1.05545,1.06052,89212,0,0
2023-10-11,1.05952,1.06348,1.05809,1.06182,90049,0,0
2023-10-12,1.06198,1.06398,1.05258,1.05272,92478,0,0
2023-10-13,1.0528,1.05586,1.04954,1.0507,79019,0,0
2023-10-16,1.05084,1.05627,1.05023,1.05592,63448,0,0
2023-10-17,1.05599,1.05947,1.05327,1.05769,73521,0,0
2023-10-18,1.05765,1.0594,1.05229,1.05354,69966,0,0
2023-10-19,1.05363,1.06164,1.05281,1.05814,96807,0,0
2023-10-20,1.05795,1.06033,1.05647,1.05931,65699,0,0
2023-10-23,1.05918,1.06778,1.05714,1.06693,67580,0,0
2023-10-24,1.06686,1.06947,1.05829,1.05886,74478,0,0
2023-10-25,1.05895,1.06065,1.05653,1.05664,70244,0,0
2023-10-26,1.05668,1.0569,1.05218,1.05615,75095,0,0
2023-10-27,1.05564,1.05969,1.05353,1.0564,65534,0,0
2023-10-30,1.05647,1.0625,1.0547,1.0614,55419,0,0
2023-10-31,1.0614,1.06749,1.05575,1.05752,84404,0,0
2023-11-01,1.05769,1.05804,1.05166,1.05687,96115,0,0
2023-11-02,1.05683,1.06675,1.05683,1.062,73975,0,0
2023-11-03,1.062,1.07466,1.06145,1.07292,79024,0,0
2023-11-06,1.07215,1.07561,1.07157,1.07168,42421,0,0
2023-11-07,1.07172,1.07221,1.0664,1.06993,44696,0,0
2023-11-08,1.06992,1.07159,1.06593,1.07083,42016,0,0
2023-11-09,1.0706,1.07253,1.06599,1.06674,53055,0,0
2023-11-10,1.06674,1.06926,1.0656,1.06845,52644,0,0
2023-11-13,1.06751,1.0706,1.06648,1.06981,47554,0,0
2023-11-14,1.06916,1.08872,1.06916,1.08782,79728,0,0
2023-11-15,1.08784,1.08855,1.08314,1.08461,73551,0,0
2023-11-16,1.08462,1.0895299999999999,1.08299,1.08513,54528,0,0
2023-11-17,1.08519,1.09137,1.08247,1.09128,49504,0,0
2023-11-20,1.09008,1.09517,1.08973,1.09396,45170,0,0
2023-11-21,1.09398,1.09649,1.09,1.09101,49286,0,0
2023-11-22,1.09067,1.09227,1.08522,1.08882,52654,0,0
2023-11-23,1.08882,1.09304,1.08809,1.09018,21444,0,0
2023-11-24,1.08996,1.09485,1.08948,1.09362,26523,0,0
